sample	drug_raw	drug	dose	exp	run	replicate	condition	is_control	is_timezero
Temps01_000u_exp010821_run180821_01	Temps01	Temps0	000u	exp010821	run180821	1	time0	False	True
Temps02_000u_exp010821_run180821_02	Temps02	Temps0	000u	exp010821	run180821	2	time0	False	True
Contro1_000u_exp010821_run180821_03	Contro1	Contro	000u	exp010821	run180821	1	control	True	False
Contro2_000u_exp010821_run180821_04	Contro2	Contro	000u	exp010821	run180821	2	control	True	False
Contro3_000u_exp010821_run180821_05	Contro3	Contro	000u	exp010821	run180821	3	control	True	False
Contro4_000u_exp010821_run180821_06	Contro4	Contro	000u	exp010821	run180821	4	control	True	False
Osimer1_100n_exp010821_run180821_07	Osimer1	Osimer	100n	exp010821	run180821	1	Osimer_100n	False	False
Osimer2_100n_exp010821_run180821_08	Osimer2	Osimer	100n	exp010821	run180821	2	Osimer_100n	False	False
Osimer3_100n_exp010821_run180821_09	Osimer3	Osimer	100n	exp010821	run180821	3	Osimer_100n	False	False
Osimer4_100n_exp010821_run180821_10	Osimer4	Osimer	100n	exp010821	run180821	4	Osimer_100n	False	False
Tramet1_030n_exp010821_run180821_11	Tramet1	Tramet	030n	exp010821	run180821	1	Tramet_030n	False	False
Tramet2_030n_exp010821_run180821_12	Tramet2	Tramet	030n	exp010821	run180821	2	Tramet_030n	False	False
Tramet3_030n_exp010821_run180821_13	Tramet3	Tramet	030n	exp010821	run180821	3	Tramet_030n	False	False
Tramet4_030n_exp010821_run180821_14	Tramet4	Tramet	030n	exp010821	run180821	4	Tramet_030n	False	False
Pemetr1_100n_exp010821_run180821_15	Pemetr1	Pemetr	100n	exp010821	run180821	1	Pemetr_100n	False	False
Pemetr2_100n_exp010821_run180821_16	Pemetr2	Pemetr	100n	exp010821	run180821	2	Pemetr_100n	False	False
Pemetr3_100n_exp010821_run180821_17	Pemetr3	Pemetr	100n	exp010821	run180821	3	Pemetr_100n	False	False
Pemetr4_100n_exp010821_run180821_18	Pemetr4	Pemetr	100n	exp010821	run180821	4	Pemetr_100n	False	False
X132711_005u_exp010821_run180821_19	X132711	X13271	005u	exp010821	run180821	1	X13271_005u	False	False
X132712_005u_exp010821_run180821_20	X132712	X13271	005u	exp010821	run180821	2	X13271_005u	False	False
X132713_005u_exp010821_run180821_21	X132713	X13271	005u	exp010821	run180821	3	X13271_005u	False	False
X132714_005u_exp010821_run180821_22	X132714	X13271	005u	exp010821	run180821	4	X13271_005u	False	False
Temps01_000u_exp040821_run180821_23	Temps01	Temps0	000u	exp040821	run180821	1	time0	False	True
Temps02_000u_exp040821_run180821_24	Temps02	Temps0	000u	exp040821	run180821	2	time0	False	True
Contro1_000u_exp040821_run180821_25	Contro1	Contro	000u	exp040821	run180821	1	control	True	False
Contro2_000u_exp040821_run180821_26	Contro2	Contro	000u	exp040821	run180821	2	control	True	False
Contro3_000u_exp040821_run180821_27	Contro3	Contro	000u	exp040821	run180821	3	control	True	False
Contro4_000u_exp040821_run180821_28	Contro4	Contro	000u	exp040821	run180821	4	control	True	False
Osimer1_100n_exp040821_run180821_29	Osimer1	Osimer	100n	exp040821	run180821	1	Osimer_100n	False	False
Osimer2_100n_exp040821_run180821_30	Osimer2	Osimer	100n	exp040821	run180821	2	Osimer_100n	False	False
Osimer3_100n_exp040821_run180821_31	Osimer3	Osimer	100n	exp040821	run180821	3	Osimer_100n	False	False
Osimer4_100n_exp040821_run180821_32	Osimer4	Osimer	100n	exp040821	run180821	4	Osimer_100n	False	False
Tramet1_030n_exp040821_run180821_33	Tramet1	Tramet	030n	exp040821	run180821	1	Tramet_030n	False	False
Tramet2_030n_exp040821_run180821_34	Tramet2	Tramet	030n	exp040821	run180821	2	Tramet_030n	False	False
Tramet3_030n_exp040821_run180821_35	Tramet3	Tramet	030n	exp040821	run180821	3	Tramet_030n	False	False
Tramet4_030n_exp040821_run180821_36	Tramet4	Tramet	030n	exp040821	run180821	4	Tramet_030n	False	False
Pemetr1_100n_exp040821_run180821_37	Pemetr1	Pemetr	100n	exp040821	run180821	1	Pemetr_100n	False	False
Pemetr2_100n_exp040821_run180821_38	Pemetr2	Pemetr	100n	exp040821	run180821	2	Pemetr_100n	False	False
Pemetr3_100n_exp040821_run180821_39	Pemetr3	Pemetr	100n	exp040821	run180821	3	Pemetr_100n	False	False
Pemetr4_100n_exp040821_run180821_40	Pemetr4	Pemetr	100n	exp040821	run180821	4	Pemetr_100n	False	False
X132711_005u_exp040821_run180821_41	X132711	X13271	005u	exp040821	run180821	1	X13271_005u	False	False
X132712_005u_exp040821_run180821_42	X132712	X13271	005u	exp040821	run180821	2	X13271_005u	False	False
X132713_005u_exp040821_run180821_43	X132713	X13271	005u	exp040821	run180821	3	X13271_005u	False	False
X132714_005u_exp040821_run180821_44	X132714	X13271	005u	exp040821	run180821	4	X13271_005u	False	False
Contro1_000u_exp300821_run290921_01	Contro1	Contro	000u	exp300821	run290921	1	control	True	False
Contro2_000u_exp300821_run290921_02	Contro2	Contro	000u	exp300821	run290921	2	control	True	False
Contro3_000u_exp300821_run290921_03	Contro3	Contro	000u	exp300821	run290921	3	control	True	False
Contro4_000u_exp300821_run290921_04	Contro4	Contro	000u	exp300821	run290921	4	control	True	False
Osimer1_100n_exp300821_run290921_05	Osimer1	Osimer	100n	exp300821	run290921	1	Osimer_100n	False	False
Osimer2_100n_exp300821_run290921_06	Osimer2	Osimer	100n	exp300821	run290921	2	Osimer_100n	False	False
Osimer3_100n_exp300821_run290921_07	Osimer3	Osimer	100n	exp300821	run290921	3	Osimer_100n	False	False
Osimer4_100n_exp300821_run290921_08	Osimer4	Osimer	100n	exp300821	run290921	4	Osimer_100n	False	False
OsiSor1_015u_exp300821_run290921_09	OsiSor1	OsiSor	015u	exp300821	run290921	1	OsiSor_015u	False	False
OsiSor2_015u_exp300821_run290921_10	OsiSor2	OsiSor	015u	exp300821	run290921	2	OsiSor_015u	False	False
OsiSor3_015u_exp300821_run290921_11	OsiSor3	OsiSor	015u	exp300821	run290921	3	OsiSor_015u	False	False
OsiSor4_015u_exp300821_run290921_12	OsiSor4	OsiSor	015u	exp300821	run290921	4	OsiSor_015u	False	False
Gefiti1_002u_exp300821_run290921_13	Gefiti1	Gefiti	002u	exp300821	run290921	1	Gefiti_002u	False	False
Gefiti2_002u_exp300821_run290921_14	Gefiti2	Gefiti	002u	exp300821	run290921	2	Gefiti_002u	False	False
Gefiti3_002u_exp300821_run290921_15	Gefiti3	Gefiti	002u	exp300821	run290921	3	Gefiti_002u	False	False
Gefiti4_002u_exp300821_run290921_16	Gefiti4	Gefiti	002u	exp300821	run290921	4	Gefiti_002u	False	False
Cispla1_250n_exp300821_run290921_17	Cispla1	Cispla	250n	exp300821	run290921	1	Cispla_250n	False	False
Cispla2_250n_exp300821_run290921_18	Cispla2	Cispla	250n	exp300821	run290921	2	Cispla_250n	False	False
Cispla3_250n_exp300821_run290921_19	Cispla3	Cispla	250n	exp300821	run290921	3	Cispla_250n	False	False
Cispla4_250n_exp300821_run290921_20	Cispla4	Cispla	250n	exp300821	run290921	4	Cispla_250n	False	False
Navito1_006u_exp300821_run290921_21	Navito1	Navito	006u	exp300821	run290921	1	Navito_006u	False	False
Navito2_006u_exp300821_run290921_22	Navito2	Navito	006u	exp300821	run290921	2	Navito_006u	False	False
Navito3_006u_exp300821_run290921_23	Navito3	Navito	006u	exp300821	run290921	3	Navito_006u	False	False
Navito4_006u_exp300821_run290921_24	Navito4	Navito	006u	exp300821	run290921	4	Navito_006u	False	False
CCT1961_001u_exp300821_run290921_25	CCT1961	CCT196	001u	exp300821	run290921	1	CCT196_001u	False	False
CCT1962_001u_exp300821_run290921_26	CCT1962	CCT196	001u	exp300821	run290921	2	CCT196_001u	False	False
CCT1963_001u_exp300821_run290921_27	CCT1963	CCT196	001u	exp300821	run290921	3	CCT196_001u	False	False
CCT1964_001u_exp300821_run290921_28	CCT1964	CCT196	001u	exp300821	run290921	4	CCT196_001u	False	False
Sorafe1_005u_exp300821_run290921_29	Sorafe1	Sorafe	005u	exp300821	run290921	1	Sorafe_005u	False	False
Sorafe2_005u_exp300821_run290921_30	Sorafe2	Sorafe	005u	exp300821	run290921	2	Sorafe_005u	False	False
Sorafe3_005u_exp300821_run290921_31	Sorafe3	Sorafe	005u	exp300821	run290921	3	Sorafe_005u	False	False
Contro1_000u_exp130921_run290921_32	Contro1	Contro	000u	exp130921	run290921	1	control	True	False
Contro2_000u_exp130921_run290921_33	Contro2	Contro	000u	exp130921	run290921	2	control	True	False
Contro3_000u_exp130921_run290921_34	Contro3	Contro	000u	exp130921	run290921	3	control	True	False
Contro4_000u_exp130921_run290921_35	Contro4	Contro	000u	exp130921	run290921	4	control	True	False
LY30091_003u_exp130921_run290921_36	LY30091	LY3009	003u	exp130921	run290921	1	LY3009_003u	False	False
LY30092_003u_exp130921_run290921_37	LY30092	LY3009	003u	exp130921	run290921	2	LY3009_003u	False	False
LY30093_003u_exp130921_run290921_38	LY30093	LY3009	003u	exp130921	run290921	3	LY3009_003u	False	False
LY30094_003u_exp130921_run290921_39	LY30094	LY3009	003u	exp130921	run290921	4	LY3009_003u	False	False
Azacyt1_1,5u_exp130921_run290921_40	Azacyt1	Azacyt	1,5u	exp130921	run290921	1	Azacyt_1,5u	False	False
Azacyt2_1,5u_exp130921_run290921_41	Azacyt2	Azacyt	1,5u	exp130921	run290921	2	Azacyt_1,5u	False	False
Azacyt3_1,5u_exp130921_run290921_42	Azacyt3	Azacyt	1,5u	exp130921	run290921	3	Azacyt_1,5u	False	False
Azacyt4_1,5u_exp130921_run290921_43	Azacyt4	Azacyt	1,5u	exp130921	run290921	4	Azacyt_1,5u	False	False
Vorino1_002u_exp130921_run290921_44	Vorino1	Vorino	002u	exp130921	run290921	1	Vorino_002u	False	False
Vorino2_002u_exp130921_run290921_45	Vorino2	Vorino	002u	exp130921	run290921	2	Vorino_002u	False	False
Vorino3_002u_exp130921_run290921_46	Vorino3	Vorino	002u	exp130921	run290921	3	Vorino_002u	False	False
Vorino4_002u_exp130921_run290921_47	Vorino4	Vorino	002u	exp130921	run290921	4	Vorino_002u	False	False
Temps01_000u_exp130921_run290921_48	Temps01	Temps0	000u	exp130921	run290921	1	time0	False	True
Napabu1_001u_exp130921_run111021_01	Napabu1	Napabu	001u	exp130921	run111021	1	Napabu_001u	False	False
Napabu2_001u_exp130921_run111021_02	Napabu2	Napabu	001u	exp130921	run111021	2	Napabu_001u	False	False
Napabu3_001u_exp130921_run111021_03	Napabu3	Napabu	001u	exp130921	run111021	3	Napabu_001u	False	False
Napabu4_001u_exp130921_run111021_04	Napabu4	Napabu	001u	exp130921	run111021	4	Napabu_001u	False	False
AZD1481_005u_exp130921_run111021_05	AZD1481	AZD148	005u	exp130921	run111021	1	AZD148_005u	False	False
AZD1482_005u_exp130921_run111021_06	AZD1482	AZD148	005u	exp130921	run111021	2	AZD148_005u	False	False
AZD1483_005u_exp130921_run111021_07	AZD1483	AZD148	005u	exp130921	run111021	3	AZD148_005u	False	False
AZD1484_005u_exp130921_run111021_08	AZD1484	AZD148	005u	exp130921	run111021	4	AZD148_005u	False	False
Contro1_000u_exp200921_run111021_09	Contro1	Contro	000u	exp200921	run111021	1	control	True	False
Contro2_000u_exp200921_run111021_10	Contro2	Contro	000u	exp200921	run111021	2	control	True	False
Contro3_000u_exp200921_run111021_11	Contro3	Contro	000u	exp200921	run111021	3	control	True	False
Contro4_000u_exp200921_run111021_12	Contro4	Contro	000u	exp200921	run111021	4	control	True	False
X132711_008u_exp200921_run111021_13	X132711	X13271	008u	exp200921	run111021	1	X13271_008u	False	False
X132712_008u_exp200921_run111021_14	X132712	X13271	008u	exp200921	run111021	2	X13271_008u	False	False
X132713_008u_exp200921_run111021_15	X132713	X13271	008u	exp200921	run111021	3	X13271_008u	False	False
X132714_008u_exp200921_run111021_16	X132714	X13271	008u	exp200921	run111021	4	X13271_008u	False	False
Compou1_008u_exp200921_run111021_17	Compou1	Compou	008u	exp200921	run111021	1	Compou_008u	False	False
Compou2_008u_exp200921_run111021_18	Compou2	Compou	008u	exp200921	run111021	2	Compou_008u	False	False
Compou3_008u_exp200921_run111021_19	Compou3	Compou	008u	exp200921	run111021	3	Compou_008u	False	False
Compou4_008u_exp200921_run111021_20	Compou4	Compou	008u	exp200921	run111021	4	Compou_008u	False	False
LIMKi31_030u_exp200921_run111021_21	LIMKi31	LIMKi3	030u	exp200921	run111021	1	LIMKi3_030u	False	False
LIMKi32_030u_exp200921_run111021_22	LIMKi32	LIMKi3	030u	exp200921	run111021	2	LIMKi3_030u	False	False
LIMKi33_030u_exp200921_run111021_23	LIMKi33	LIMKi3	030u	exp200921	run111021	3	LIMKi3_030u	False	False
LIMKi34_030u_exp200921_run111021_24	LIMKi34	LIMKi3	030u	exp200921	run111021	4	LIMKi3_030u	False	False
Bortez1_020n_exp200921_run111021_25	Bortez1	Bortez	020n	exp200921	run111021	1	Bortez_020n	False	False
Bortez2_020n_exp200921_run111021_26	Bortez2	Bortez	020n	exp200921	run111021	2	Bortez_020n	False	False
Bortez3_020n_exp200921_run111021_27	Bortez3	Bortez	020n	exp200921	run111021	3	Bortez_020n	False	False
Bortez4_020n_exp200921_run111021_28	Bortez4	Bortez	020n	exp200921	run111021	4	Bortez_020n	False	False
Palboc1_010u_exp200921_run111021_29	Palboc1	Palboc	010u	exp200921	run111021	1	Palboc_010u	False	False
Palboc2_010u_exp200921_run111021_30	Palboc2	Palboc	010u	exp200921	run111021	2	Palboc_010u	False	False
Palboc3_010u_exp200921_run111021_31	Palboc3	Palboc	010u	exp200921	run111021	3	Palboc_010u	False	False
Palboc4_010u_exp200921_run111021_32	Palboc4	Palboc	010u	exp200921	run111021	4	Palboc_010u	False	False
Olapar1_020u_exp200921_run111021_33	Olapar1	Olapar	020u	exp200921	run111021	1	Olapar_020u	False	False
Olapar2_020u_exp200921_run111021_34	Olapar2	Olapar	020u	exp200921	run111021	2	Olapar_020u	False	False
Olapar3_020u_exp200921_run111021_35	Olapar3	Olapar	020u	exp200921	run111021	3	Olapar_020u	False	False
Olapar4_020u_exp200921_run111021_36	Olapar4	Olapar	020u	exp200921	run111021	4	Olapar_020u	False	False
LGK9741_005u_exp200921_run111021_37	LGK9741	LGK974	005u	exp200921	run111021	1	LGK974_005u	False	False
LGK9742_005u_exp200921_run111021_38	LGK9742	LGK974	005u	exp200921	run111021	2	LGK974_005u	False	False
LGK9743_005u_exp200921_run111021_39	LGK9743	LGK974	005u	exp200921	run111021	3	LGK974_005u	False	False
LGK9744_005u_exp200921_run111021_40	LGK9744	LGK974	005u	exp200921	run111021	4	LGK974_005u	False	False
Chloro1_040u_exp200921_run111021_41	Chloro1	Chloro	040u	exp200921	run111021	1	Chloro_040u	False	False
Chloro2_040u_exp200921_run111021_42	Chloro2	Chloro	040u	exp200921	run111021	2	Chloro_040u	False	False
Chloro3_040u_exp200921_run111021_43	Chloro3	Chloro	040u	exp200921	run111021	3	Chloro_040u	False	False
Chloro4_040u_exp200921_run111021_44	Chloro4	Chloro	040u	exp200921	run111021	4	Chloro_040u	False	False
Bafilo1_1,2n_exp200921_run111021_45	Bafilo1	Bafilo	1,2n	exp200921	run111021	1	Bafilo_1,2n	False	False
Bafilo2_1,2n_exp200921_run111021_46	Bafilo2	Bafilo	1,2n	exp200921	run111021	2	Bafilo_1,2n	False	False
Bafilo3_1,2n_exp200921_run111021_47	Bafilo3	Bafilo	1,2n	exp200921	run111021	3	Bafilo_1,2n	False	False
Bafilo4_1,2n_exp200921_run111021_48	Bafilo4	Bafilo	1,2n	exp200921	run111021	4	Bafilo_1,2n	False	False
Temps01_000u_exp200921_run101121_01	Temps01	Temps0	000u	exp200921	run101121	1	time0	False	True
Temps02_000u_exp200921_run101121_02	Temps02	Temps0	000u	exp200921	run101121	2	time0	False	True
Osimer1_020n_exp200921_run101121_03	Osimer1	Osimer	020n	exp200921	run101121	1	Osimer_020n	False	False
Osimer2_020n_exp200921_run101121_04	Osimer2	Osimer	020n	exp200921	run101121	2	Osimer_020n	False	False
Osimer3_020n_exp200921_run101121_05	Osimer3	Osimer	020n	exp200921	run101121	3	Osimer_020n	False	False
Osimer4_020n_exp200921_run101121_06	Osimer4	Osimer	020n	exp200921	run101121	4	Osimer_020n	False	False
Osimer1_100n_exp200921_run101121_07	Osimer1	Osimer	100n	exp200921	run101121	1	Osimer_100n	False	False
Osimer2_100n_exp200921_run101121_08	Osimer2	Osimer	100n	exp200921	run101121	2	Osimer_100n	False	False
Osimer3_100n_exp200921_run101121_09	Osimer3	Osimer	100n	exp200921	run101121	3	Osimer_100n	False	False
Osimer4_100n_exp200921_run101121_10	Osimer4	Osimer	100n	exp200921	run101121	4	Osimer_100n	False	False
Osimer1_001u_exp200921_run101121_11	Osimer1	Osimer	001u	exp200921	run101121	1	Osimer_001u	False	False
Osimer2_001u_exp200921_run101121_12	Osimer2	Osimer	001u	exp200921	run101121	2	Osimer_001u	False	False
Osimer3_001u_exp200921_run101121_13	Osimer3	Osimer	001u	exp200921	run101121	3	Osimer_001u	False	False
Osimer4_001u_exp200921_run101121_14	Osimer4	Osimer	001u	exp200921	run101121	4	Osimer_001u	False	False
Osimer1_005u_exp200921_run101121_15	Osimer1	Osimer	005u	exp200921	run101121	1	Osimer_005u	False	False
Osimer2_005u_exp200921_run101121_16	Osimer2	Osimer	005u	exp200921	run101121	2	Osimer_005u	False	False
Osimer3_005u_exp200921_run101121_17	Osimer3	Osimer	005u	exp200921	run101121	3	Osimer_005u	False	False
Osimer4_005u_exp200921_run101121_18	Osimer4	Osimer	005u	exp200921	run101121	4	Osimer_005u	False	False
Temps01_000u_exp130921_run101121_19	Temps01	Temps0	000u	exp130921	run101121	1	time0	False	True
CtrlMs1_000u_exp130921_run101121_20	CtrlMs1	CtrlMs	000u	exp130921	run101121	1	CtrlMs_000u	False	False
CtrlMs2_000u_exp130921_run101121_21	CtrlMs2	CtrlMs	000u	exp130921	run101121	2	CtrlMs_000u	False	False
CtrlMs3_000u_exp130921_run101121_22	CtrlMs3	CtrlMs	000u	exp130921	run101121	3	CtrlMs_000u	False	False
CtrlMs4_000u_exp130921_run101121_23	CtrlMs4	CtrlMs	000u	exp130921	run101121	4	CtrlMs_000u	False	False
CtrlMs5_000u_exp130921_run101121_24	CtrlMs5	CtrlMs	000u	exp130921	run101121	5	CtrlMs_000u	False	False
CtrlMs6_000u_exp130921_run101121_25	CtrlMs6	CtrlMs	000u	exp130921	run101121	6	CtrlMs_000u	False	False
CtrlMs7_000u_exp130921_run101121_26	CtrlMs7	CtrlMs	000u	exp130921	run101121	7	CtrlMs_000u	False	False
CtrlMs8_000u_exp130921_run101121_27	CtrlMs8	CtrlMs	000u	exp130921	run101121	8	CtrlMs_000u	False	False
Osimer1_001g_exp130921_run101121_28	Osimer1	Osimer	001g	exp130921	run101121	1	Osimer_001g	False	False
Osimer2_001g_exp130921_run101121_29	Osimer2	Osimer	001g	exp130921	run101121	2	Osimer_001g	False	False
Osimer3_001g_exp130921_run101121_30	Osimer3	Osimer	001g	exp130921	run101121	3	Osimer_001g	False	False
Osimer4_001g_exp130921_run101121_31	Osimer4	Osimer	001g	exp130921	run101121	4	Osimer_001g	False	False
Osimer5_001g_exp130921_run101121_32	Osimer5	Osimer	001g	exp130921	run101121	5	Osimer_001g	False	False
Osimer6_001g_exp130921_run101121_33	Osimer6	Osimer	001g	exp130921	run101121	6	Osimer_001g	False	False
Osimer7_001g_exp130921_run101121_34	Osimer7	Osimer	001g	exp130921	run101121	7	Osimer_001g	False	False
Osimer8_001g_exp130921_run101121_35	Osimer8	Osimer	001g	exp130921	run101121	8	Osimer_001g	False	False
Temps01_000u_exp181021_run101121_36	Temps01	Temps0	000u	exp181021	run101121	1	time0	False	True
Temps02_000u_exp181021_run101121_37	Temps02	Temps0	000u	exp181021	run101121	2	time0	False	True
Contro1_000u_exp181021_run101121_38	Contro1	Contro	000u	exp181021	run101121	1	control	True	False
Contro2_000u_exp181021_run101121_39	Contro2	Contro	000u	exp181021	run101121	2	control	True	False
Contro3_000u_exp181021_run101121_40	Contro3	Contro	000u	exp181021	run101121	3	control	True	False
Contro4_000u_exp181021_run101121_41	Contro4	Contro	000u	exp181021	run101121	4	control	True	False
X132711_008u_exp181021_run101121_42	X132711	X13271	008u	exp181021	run101121	1	X13271_008u	False	False
X132712_008u_exp181021_run101121_43	X132712	X13271	008u	exp181021	run101121	2	X13271_008u	False	False
X132713_008u_exp181021_run101121_44	X132713	X13271	008u	exp181021	run101121	3	X13271_008u	False	False
X132714_008u_exp181021_run101121_45	X132714	X13271	008u	exp181021	run101121	4	X13271_008u	False	False
X171291_008u_exp181021_run101121_46	X171291	X17129	008u	exp181021	run101121	1	X17129_008u	False	False
X171292_008u_exp181021_run101121_47	X171292	X17129	008u	exp181021	run101121	2	X17129_008u	False	False
X171293_008u_exp181021_run101121_48	X171293	X17129	008u	exp181021	run101121	3	X17129_008u	False	False
Pemetr1_080n_exp181021_run251121_01	Pemetr1	Pemetr	080n	exp181021	run251121	1	Pemetr_080n	False	False
Pemetr2_080n_exp181021_run251121_02	Pemetr2	Pemetr	080n	exp181021	run251121	2	Pemetr_080n	False	False
Pemetr3_080n_exp181021_run251121_03	Pemetr3	Pemetr	080n	exp181021	run251121	3	Pemetr_080n	False	False
Pemetr4_080n_exp181021_run251121_04	Pemetr4	Pemetr	080n	exp181021	run251121	4	Pemetr_080n	False	False
Doxoru1_080n_exp181021_run251121_05	Doxoru1	Doxoru	080n	exp181021	run251121	1	Doxoru_080n	False	False
Doxoru2_080n_exp181021_run251121_06	Doxoru2	Doxoru	080n	exp181021	run251121	2	Doxoru_080n	False	False
Doxoru3_080n_exp181021_run251121_07	Doxoru3	Doxoru	080n	exp181021	run251121	3	Doxoru_080n	False	False
Doxoru4_080n_exp181021_run251121_08	Doxoru4	Doxoru	080n	exp181021	run251121	4	Doxoru_080n	False	False
Cispla1_500n_exp181021_run251121_09	Cispla1	Cispla	500n	exp181021	run251121	1	Cispla_500n	False	False
Cispla2_500n_exp181021_run251121_10	Cispla2	Cispla	500n	exp181021	run251121	2	Cispla_500n	False	False
Cispla3_500n_exp181021_run251121_11	Cispla3	Cispla	500n	exp181021	run251121	3	Cispla_500n	False	False
Cispla4_500n_exp181021_run251121_12	Cispla4	Cispla	500n	exp181021	run251121	4	Cispla_500n	False	False
SBI0201_005u_exp181021_run251121_13	SBI0201	SBI020	005u	exp181021	run251121	1	SBI020_005u	False	False
SBI0202_005u_exp181021_run251121_14	SBI0202	SBI020	005u	exp181021	run251121	2	SBI020_005u	False	False
SBI0203_005u_exp181021_run251121_15	SBI0203	SBI020	005u	exp181021	run251121	3	SBI020_005u	False	False
SBI0204_005u_exp181021_run251121_16	SBI0204	SBI020	005u	exp181021	run251121	4	SBI020_005u	False	False
Spauti1_007u_exp181021_run251121_17	Spauti1	Spauti	007u	exp181021	run251121	1	Spauti_007u	False	False
Spauti2_007u_exp181021_run251121_18	Spauti2	Spauti	007u	exp181021	run251121	2	Spauti_007u	False	False
Spauti3_007u_exp181021_run251121_19	Spauti3	Spauti	007u	exp181021	run251121	3	Spauti_007u	False	False
Spauti4_007u_exp181021_run251121_20	Spauti4	Spauti	007u	exp181021	run251121	4	Spauti_007u	False	False
Tazeme1_040u_exp181021_run251121_21	Tazeme1	Tazeme	040u	exp181021	run251121	1	Tazeme_040u	False	False
Tazeme2_040u_exp181021_run251121_22	Tazeme2	Tazeme	040u	exp181021	run251121	2	Tazeme_040u	False	False
Tazeme3_040u_exp181021_run251121_23	Tazeme3	Tazeme	040u	exp181021	run251121	3	Tazeme_040u	False	False
Tazeme4_040u_exp181021_run251121_24	Tazeme4	Tazeme	040u	exp181021	run251121	4	Tazeme_040u	False	False
phenyl1_002m_exp181021_run251121_25	phenyl1	phenyl	002m	exp181021	run251121	1	phenyl_002m	False	False
phenyl2_002m_exp181021_run251121_26	phenyl2	phenyl	002m	exp181021	run251121	2	phenyl_002m	False	False
phenyl3_002m_exp181021_run251121_27	phenyl3	phenyl	002m	exp181021	run251121	3	phenyl_002m	False	False
phenyl4_002m_exp181021_run251121_28	phenyl4	phenyl	002m	exp181021	run251121	4	phenyl_002m	False	False
Lenvat1_040u_exp181021_run251121_29	Lenvat1	Lenvat	040u	exp181021	run251121	1	Lenvat_040u	False	False
Lenvat2_040u_exp181021_run251121_30	Lenvat2	Lenvat	040u	exp181021	run251121	2	Lenvat_040u	False	False
Lenvat3_040u_exp181021_run251121_31	Lenvat3	Lenvat	040u	exp181021	run251121	3	Lenvat_040u	False	False
Lenvat4_040u_exp181021_run251121_32	Lenvat4	Lenvat	040u	exp181021	run251121	4	Lenvat_040u	False	False
Regora1_010u_exp181021_run251121_33	Regora1	Regora	010u	exp181021	run251121	1	Regora_010u	False	False
Regora2_010u_exp181021_run251121_34	Regora2	Regora	010u	exp181021	run251121	2	Regora_010u	False	False
Regora3_010u_exp181021_run251121_35	Regora3	Regora	010u	exp181021	run251121	3	Regora_010u	False	False
Regora4_010u_exp181021_run251121_36	Regora4	Regora	010u	exp181021	run251121	4	Regora_010u	False	False
Caboza1_010u_exp181021_run251121_37	Caboza1	Caboza	010u	exp181021	run251121	1	Caboza_010u	False	False
Caboza2_010u_exp181021_run251121_38	Caboza2	Caboza	010u	exp181021	run251121	2	Caboza_010u	False	False
Caboza3_010u_exp181021_run251121_39	Caboza3	Caboza	010u	exp181021	run251121	3	Caboza_010u	False	False
Caboza4_010u_exp181021_run251121_40	Caboza4	Caboza	010u	exp181021	run251121	4	Caboza_010u	False	False
CGP5731_010u_exp181021_run251121_41	CGP5731	CGP573	010u	exp181021	run251121	1	CGP573_010u	False	False
CGP5732_010u_exp181021_run251121_42	CGP5732	CGP573	010u	exp181021	run251121	2	CGP573_010u	False	False
CGP5733_010u_exp181021_run251121_43	CGP5733	CGP573	010u	exp181021	run251121	3	CGP573_010u	False	False
CGP5734_010u_exp181021_run251121_44	CGP5734	CGP573	010u	exp181021	run251121	4	CGP573_010u	False	False
eFT5081_025u_exp181021_run251121_45	eFT5081	eFT508	025u	exp181021	run251121	1	eFT508_025u	False	False
eFT5082_025u_exp181021_run251121_46	eFT5082	eFT508	025u	exp181021	run251121	2	eFT508_025u	False	False
eFT5083_025u_exp181021_run251121_47	eFT5083	eFT508	025u	exp181021	run251121	3	eFT508_025u	False	False
eFT5084_025u_exp181021_run251121_48	eFT5084	eFT508	025u	exp181021	run251121	4	eFT508_025u	False	False
Contro1_000u_exp151121_run071221_01	Contro1	Contro	000u	exp151121	run071221	1	control	True	False
Contro2_000u_exp151121_run071221_02	Contro2	Contro	000u	exp151121	run071221	2	control	True	False
Contro3_000u_exp151121_run071221_03	Contro3	Contro	000u	exp151121	run071221	3	control	True	False
Contro4_000u_exp151121_run071221_04	Contro4	Contro	000u	exp151121	run071221	4	control	True	False
Tramet1_040n_exp151121_run071221_05	Tramet1	Tramet	040n	exp151121	run071221	1	Tramet_040n	False	False
Tramet2_040n_exp151121_run071221_06	Tramet2	Tramet	040n	exp151121	run071221	2	Tramet_040n	False	False
Tramet3_040n_exp151121_run071221_07	Tramet3	Tramet	040n	exp151121	run071221	3	Tramet_040n	False	False
Tramet4_040n_exp151121_run071221_08	Tramet4	Tramet	040n	exp151121	run071221	4	Tramet_040n	False	False
U0126E1_030u_exp151121_run071221_09	U0126E1	U0126E	030u	exp151121	run071221	1	U0126E_030u	False	False
U0126E2_030u_exp151121_run071221_10	U0126E2	U0126E	030u	exp151121	run071221	2	U0126E_030u	False	False
U0126E3_030u_exp151121_run071221_11	U0126E3	U0126E	030u	exp151121	run071221	3	U0126E_030u	False	False
U0126E4_030u_exp151121_run071221_12	U0126E4	U0126E	030u	exp151121	run071221	4	U0126E_030u	False	False
Gefiti1_002u_exp151121_run071221_13	Gefiti1	Gefiti	002u	exp151121	run071221	1	Gefiti_002u	False	False
Gefiti2_002u_exp151121_run071221_14	Gefiti2	Gefiti	002u	exp151121	run071221	2	Gefiti_002u	False	False
Gefiti3_002u_exp151121_run071221_15	Gefiti3	Gefiti	002u	exp151121	run071221	3	Gefiti_002u	False	False
Gefiti4_002u_exp151121_run071221_16	Gefiti4	Gefiti	002u	exp151121	run071221	4	Gefiti_002u	False	False
PROTAC1_010u_exp151121_run071221_17	PROTAC1	PROTAC	010u	exp151121	run071221	1	PROTAC_010u	False	False
PROTAC2_010u_exp151121_run071221_18	PROTAC2	PROTAC	010u	exp151121	run071221	2	PROTAC_010u	False	False
PROTAC3_010u_exp151121_run071221_19	PROTAC3	PROTAC	010u	exp151121	run071221	3	PROTAC_010u	False	False
PROTAC4_010u_exp151121_run071221_20	PROTAC4	PROTAC	010u	exp151121	run071221	4	PROTAC_010u	False	False
RAF2651_005u_exp151121_run071221_21	RAF2651	RAF265	005u	exp151121	run071221	1	RAF265_005u	False	False
RAF2652_005u_exp151121_run071221_22	RAF2652	RAF265	005u	exp151121	run071221	2	RAF265_005u	False	False
RAF2653_005u_exp151121_run071221_23	RAF2653	RAF265	005u	exp151121	run071221	3	RAF265_005u	False	False
RAF2654_005u_exp151121_run071221_24	RAF2654	RAF265	005u	exp151121	run071221	4	RAF265_005u	False	False
CCT1961_001u_exp151121_run071221_25	CCT1961	CCT196	001u	exp151121	run071221	1	CCT196_001u	False	False
CCT1962_001u_exp151121_run071221_26	CCT1962	CCT196	001u	exp151121	run071221	2	CCT196_001u	False	False
CCT1963_001u_exp151121_run071221_27	CCT1963	CCT196	001u	exp151121	run071221	3	CCT196_001u	False	False
CCT1964_001u_exp151121_run071221_28	CCT1964	CCT196	001u	exp151121	run071221	4	CCT196_001u	False	False
LY30091_003u_exp151121_run071221_29	LY30091	LY3009	003u	exp151121	run071221	1	LY3009_003u	False	False
LY30092_003u_exp151121_run071221_30	LY30092	LY3009	003u	exp151121	run071221	2	LY3009_003u	False	False
LY30093_003u_exp151121_run071221_31	LY30093	LY3009	003u	exp151121	run071221	3	LY3009_003u	False	False
LY30094_003u_exp151121_run071221_32	LY30094	LY3009	003u	exp151121	run071221	4	LY3009_003u	False	False
Sorafe1_005u_exp151121_run071221_33	Sorafe1	Sorafe	005u	exp151121	run071221	1	Sorafe_005u	False	False
Sorafe2_005u_exp151121_run071221_34	Sorafe2	Sorafe	005u	exp151121	run071221	2	Sorafe_005u	False	False
Sorafe3_005u_exp151121_run071221_35	Sorafe3	Sorafe	005u	exp151121	run071221	3	Sorafe_005u	False	False
Sorafe4_005u_exp151121_run071221_36	Sorafe4	Sorafe	005u	exp151121	run071221	4	Sorafe_005u	False	False
Mitomy1_002x_exp151121_run071221_37	Mitomy1	Mitomy	002x	exp151121	run071221	1	Mitomy_002x	False	False
Mitomy2_002x_exp151121_run071221_38	Mitomy2	Mitomy	002x	exp151121	run071221	2	Mitomy_002x	False	False
Mitomy3_002x_exp151121_run071221_39	Mitomy3	Mitomy	002x	exp151121	run071221	3	Mitomy_002x	False	False
Mitomy4_002x_exp151121_run071221_40	Mitomy4	Mitomy	002x	exp151121	run071221	4	Mitomy_002x	False	False
STO6091_030u_exp151121_run071221_41	STO6091	STO609	030u	exp151121	run071221	1	STO609_030u	False	False
STO6092_030u_exp151121_run071221_42	STO6092	STO609	030u	exp151121	run071221	2	STO609_030u	False	False
STO6093_030u_exp151121_run071221_43	STO6093	STO609	030u	exp151121	run071221	3	STO609_030u	False	False
STO6094_030u_exp151121_run071221_44	STO6094	STO609	030u	exp151121	run071221	4	STO609_030u	False	False
Capiva1_050u_exp151121_run071221_45	Capiva1	Capiva	050u	exp151121	run071221	1	Capiva_050u	False	False
Capiva2_050u_exp151121_run071221_46	Capiva2	Capiva	050u	exp151121	run071221	2	Capiva_050u	False	False
Capiva3_050u_exp151121_run071221_47	Capiva3	Capiva	050u	exp151121	run071221	3	Capiva_050u	False	False
Capiva4_050u_exp151121_run071221_48	Capiva4	Capiva	050u	exp151121	run071221	4	Capiva_050u	False	False
Temps01_000u_exp151121_run180122_01	Temps01	Temps0	000u	exp151121	run180122	1	time0	False	True
Temps02_000u_exp151121_run180122_02	Temps02	Temps0	000u	exp151121	run180122	2	time0	False	True
Phenfo1_050u_exp151121_run180122_03	Phenfo1	Phenfo	050u	exp151121	run180122	1	Phenfo_050u	False	False
Phenfo2_050u_exp151121_run180122_04	Phenfo2	Phenfo	050u	exp151121	run180122	2	Phenfo_050u	False	False
Phenfo3_050u_exp151121_run180122_05	Phenfo3	Phenfo	050u	exp151121	run180122	3	Phenfo_050u	False	False
Phenfo4_050u_exp151121_run180122_06	Phenfo4	Phenfo	050u	exp151121	run180122	4	Phenfo_050u	False	False
SHP0991_050u_exp151121_run180122_07	SHP0991	SHP099	050u	exp151121	run180122	1	SHP099_050u	False	False
SHP0992_050u_exp151121_run180122_08	SHP0992	SHP099	050u	exp151121	run180122	2	SHP099_050u	False	False
SHP0993_050u_exp151121_run180122_09	SHP0993	SHP099	050u	exp151121	run180122	3	SHP099_050u	False	False
SHP0994_050u_exp151121_run180122_10	SHP0994	SHP099	050u	exp151121	run180122	4	SHP099_050u	False	False
statti1_007u_exp151121_run180122_11	statti1	statti	007u	exp151121	run180122	1	statti_007u	False	False
statti2_007u_exp151121_run180122_12	statti2	statti	007u	exp151121	run180122	2	statti_007u	False	False
statti3_007u_exp151121_run180122_13	statti3	statti	007u	exp151121	run180122	3	statti_007u	False	False
statti4_007u_exp151121_run180122_14	statti4	statti	007u	exp151121	run180122	4	statti_007u	False	False
Temps01_000u_exp271221_run180122_15	Temps01	Temps0	000u	exp271221	run180122	1	time0	False	True
Temps02_000u_exp271221_run180122_16	Temps02	Temps0	000u	exp271221	run180122	2	time0	False	True
Contro1_000u_exp271221_run180122_17	Contro1	Contro	000u	exp271221	run180122	1	control	True	False
Contro2_000u_exp271221_run180122_18	Contro2	Contro	000u	exp271221	run180122	2	control	True	False
Contro3_000u_exp271221_run180122_19	Contro3	Contro	000u	exp271221	run180122	3	control	True	False
Contro4_000u_exp271221_run180122_20	Contro4	Contro	000u	exp271221	run180122	4	control	True	False
X132711_009u_exp271221_run180122_21	X132711	X13271	009u	exp271221	run180122	1	X13271_009u	False	False
X132712_009u_exp271221_run180122_22	X132712	X13271	009u	exp271221	run180122	2	X13271_009u	False	False
X132713_009u_exp271221_run180122_23	X132713	X13271	009u	exp271221	run180122	3	X13271_009u	False	False
X132714_009u_exp271221_run180122_24	X132714	X13271	009u	exp271221	run180122	4	X13271_009u	False	False
X171291_008u_exp271221_run180122_25	X171291	X17129	008u	exp271221	run180122	1	X17129_008u	False	False
X171292_008u_exp271221_run180122_26	X171292	X17129	008u	exp271221	run180122	2	X17129_008u	False	False
X171293_008u_exp271221_run180122_27	X171293	X17129	008u	exp271221	run180122	3	X17129_008u	False	False
X171294_008u_exp271221_run180122_28	X171294	X17129	008u	exp271221	run180122	4	X17129_008u	False	False
X156811_050u_exp271221_run180122_29	X156811	X15681	050u	exp271221	run180122	1	X15681_050u	False	False
X156812_050u_exp271221_run180122_30	X156812	X15681	050u	exp271221	run180122	2	X15681_050u	False	False
X156813_050u_exp271221_run180122_31	X156813	X15681	050u	exp271221	run180122	3	X15681_050u	False	False
X156814_050u_exp271221_run180122_32	X156814	X15681	050u	exp271221	run180122	4	X15681_050u	False	False
NaButy1_002m_exp271221_run180122_33	NaButy1	NaButy	002m	exp271221	run180122	1	NaButy_002m	False	False
NaButy2_002m_exp271221_run180122_34	NaButy2	NaButy	002m	exp271221	run180122	2	NaButy_002m	False	False
NaButy3_002m_exp271221_run180122_35	NaButy3	NaButy	002m	exp271221	run180122	3	NaButy_002m	False	False
NaButy4_002m_exp271221_run180122_36	NaButy4	NaButy	002m	exp271221	run180122	4	NaButy_002m	False	False
Tricho1_110n_exp271221_run180122_37	Tricho1	Tricho	110n	exp271221	run180122	1	Tricho_110n	False	False
Tricho2_110n_exp271221_run180122_38	Tricho2	Tricho	110n	exp271221	run180122	2	Tricho_110n	False	False
Tricho3_110n_exp271221_run180122_39	Tricho3	Tricho	110n	exp271221	run180122	3	Tricho_110n	False	False
Tricho4_110n_exp271221_run180122_40	Tricho4	Tricho	110n	exp271221	run180122	4	Tricho_110n	False	False
Bortez1_020n_exp271221_run180122_41	Bortez1	Bortez	020n	exp271221	run180122	1	Bortez_020n	False	False
Bortez2_020n_exp271221_run180122_42	Bortez2	Bortez	020n	exp271221	run180122	2	Bortez_020n	False	False
Bortez3_020n_exp271221_run180122_43	Bortez3	Bortez	020n	exp271221	run180122	3	Bortez_020n	False	False
Bortez4_020n_exp271221_run180122_44	Bortez4	Bortez	020n	exp271221	run180122	4	Bortez_020n	False	False
MG132z1_510n_exp271221_run180122_45	MG132z1	MG132z	510n	exp271221	run180122	1	MG132z_510n	False	False
MG132z2_510n_exp271221_run180122_46	MG132z2	MG132z	510n	exp271221	run180122	2	MG132z_510n	False	False
MG132z3_510n_exp271221_run180122_47	MG132z3	MG132z	510n	exp271221	run180122	3	MG132z_510n	False	False
MG132z4_510n_exp271221_run180122_48	MG132z4	MG132z	510n	exp271221	run180122	4	MG132z_510n	False	False
WZ40021_001u_exp271221_run140122_01	WZ40021	WZ4002	001u	exp271221	run140122	1	WZ4002_001u	False	False
WZ40022_001u_exp271221_run140122_02	WZ40022	WZ4002	001u	exp271221	run140122	2	WZ4002_001u	False	False
WZ40023_001u_exp271221_run140122_03	WZ40023	WZ4002	001u	exp271221	run140122	3	WZ4002_001u	False	False
WZ40024_001u_exp271221_run140122_04	WZ40024	WZ4002	001u	exp271221	run140122	4	WZ4002_001u	False	False
Sotora1_035u_exp271221_run140122_05	Sotora1	Sotora	035u	exp271221	run140122	1	Sotora_035u	False	False
Sotora2_035u_exp271221_run140122_06	Sotora2	Sotora	035u	exp271221	run140122	2	Sotora_035u	False	False
Sotora3_035u_exp271221_run140122_07	Sotora3	Sotora	035u	exp271221	run140122	3	Sotora_035u	False	False
Sotora4_035u_exp271221_run140122_08	Sotora4	Sotora	035u	exp271221	run140122	4	Sotora_035u	False	False
BGJ3981_007u_exp271221_run140122_09	BGJ3981	BGJ398	007u	exp271221	run140122	1	BGJ398_007u	False	False
BGJ3982_007u_exp271221_run140122_10	BGJ3982	BGJ398	007u	exp271221	run140122	2	BGJ398_007u	False	False
BGJ3983_007u_exp271221_run140122_11	BGJ3983	BGJ398	007u	exp271221	run140122	3	BGJ398_007u	False	False
BGJ3984_007u_exp271221_run140122_12	BGJ3984	BGJ398	007u	exp271221	run140122	4	BGJ398_007u	False	False
Crizot1_002u_exp271221_run140122_13	Crizot1	Crizot	002u	exp271221	run140122	1	Crizot_002u	False	False
Crizot2_002u_exp271221_run140122_14	Crizot2	Crizot	002u	exp271221	run140122	2	Crizot_002u	False	False
Crizot3_002u_exp271221_run140122_15	Crizot3	Crizot	002u	exp271221	run140122	3	Crizot_002u	False	False
Crizot4_002u_exp271221_run140122_16	Crizot4	Crizot	002u	exp271221	run140122	4	Crizot_002u	False	False
TAE6841_001u_exp271221_run140122_17	TAE6841	TAE684	001u	exp271221	run140122	1	TAE684_001u	False	False
TAE6842_001u_exp271221_run140122_18	TAE6842	TAE684	001u	exp271221	run140122	2	TAE684_001u	False	False
TAE6843_001u_exp271221_run140122_19	TAE6843	TAE684	001u	exp271221	run140122	3	TAE684_001u	False	False
TAE6844_001u_exp271221_run140122_20	TAE6844	TAE684	001u	exp271221	run140122	4	TAE684_001u	False	False
Suniti1_015u_exp271221_run140122_21	Suniti1	Suniti	015u	exp271221	run140122	1	Suniti_015u	False	False
Suniti2_015u_exp271221_run140122_22	Suniti2	Suniti	015u	exp271221	run140122	2	Suniti_015u	False	False
Suniti3_015u_exp271221_run140122_23	Suniti3	Suniti	015u	exp271221	run140122	3	Suniti_015u	False	False
Suniti4_015u_exp271221_run140122_24	Suniti4	Suniti	015u	exp271221	run140122	4	Suniti_015u	False	False
Plurip1_010u_exp271221_run140122_25	Plurip1	Plurip	010u	exp271221	run140122	1	Plurip_010u	False	False
Plurip2_010u_exp271221_run140122_26	Plurip2	Plurip	010u	exp271221	run140122	2	Plurip_010u	False	False
Plurip3_010u_exp271221_run140122_27	Plurip3	Plurip	010u	exp271221	run140122	3	Plurip_010u	False	False
Plurip4_010u_exp271221_run140122_28	Plurip4	Plurip	010u	exp271221	run140122	4	Plurip_010u	False	False
S638451_010u_exp271221_run140122_29	S638451	S63845	010u	exp271221	run140122	1	S63845_010u	False	False
S638452_010u_exp271221_run140122_30	S638452	S63845	010u	exp271221	run140122	2	S63845_010u	False	False
S638453_010u_exp271221_run140122_31	S638453	S63845	010u	exp271221	run140122	3	S63845_010u	False	False
S638454_010u_exp271221_run140122_32	S638454	S63845	010u	exp271221	run140122	4	S63845_010u	False	False
Trimet1_600u_exp271221_run140122_33	Trimet1	Trimet	600u	exp271221	run140122	1	Trimet_600u	False	False
Trimet2_600u_exp271221_run140122_34	Trimet2	Trimet	600u	exp271221	run140122	2	Trimet_600u	False	False
Trimet3_600u_exp271221_run140122_35	Trimet3	Trimet	600u	exp271221	run140122	3	Trimet_600u	False	False
Trimet4_600u_exp271221_run140122_36	Trimet4	Trimet	600u	exp271221	run140122	4	Trimet_600u	False	False
NAcety1_015m_exp271221_run140122_37	NAcety1	NAcety	015m	exp271221	run140122	1	NAcety_015m	False	False
NAcety2_015m_exp271221_run140122_38	NAcety2	NAcety	015m	exp271221	run140122	2	NAcety_015m	False	False
NAcety3_015m_exp271221_run140122_39	NAcety3	NAcety	015m	exp271221	run140122	3	NAcety_015m	False	False
NAcety4_015m_exp271221_run140122_40	NAcety4	NAcety	015m	exp271221	run140122	4	NAcety_015m	False	False
Nutlin1_025u_exp271221_run140122_41	Nutlin1	Nutlin	025u	exp271221	run140122	1	Nutlin_025u	False	False
Nutlin2_025u_exp271221_run140122_42	Nutlin2	Nutlin	025u	exp271221	run140122	2	Nutlin_025u	False	False
Nutlin3_025u_exp271221_run140122_43	Nutlin3	Nutlin	025u	exp271221	run140122	3	Nutlin_025u	False	False
Nutlin4_025u_exp271221_run140122_44	Nutlin4	Nutlin	025u	exp271221	run140122	4	Nutlin_025u	False	False
Ibudil1_400u_exp271221_run140122_45	Ibudil1	Ibudil	400u	exp271221	run140122	1	Ibudil_400u	False	False
Ibudil2_400u_exp271221_run140122_46	Ibudil2	Ibudil	400u	exp271221	run140122	2	Ibudil_400u	False	False
Ibudil3_400u_exp271221_run140122_47	Ibudil3	Ibudil	400u	exp271221	run140122	3	Ibudil_400u	False	False
Ibudil4_400u_exp271221_run140122_48	Ibudil4	Ibudil	400u	exp271221	run140122	4	Ibudil_400u	False	False
Contro1_000u_exp070222_run010322_01	Contro1	Contro	000u	exp070222	run010322	1	control	True	False
Contro2_000u_exp070222_run010322_02	Contro2	Contro	000u	exp070222	run010322	2	control	True	False
Contro3_000u_exp070222_run010322_03	Contro3	Contro	000u	exp070222	run010322	3	control	True	False
Contro4_000u_exp070222_run010322_04	Contro4	Contro	000u	exp070222	run010322	4	control	True	False
Tunica1_0,5x_exp070222_run010322_05	Tunica1	Tunica	0,5x	exp070222	run010322	1	Tunica_0,5x	False	False
Tunica2_0,5x_exp070222_run010322_06	Tunica2	Tunica	0,5x	exp070222	run010322	2	Tunica_0,5x	False	False
Tunica3_0,5x_exp070222_run010322_07	Tunica3	Tunica	0,5x	exp070222	run010322	3	Tunica_0,5x	False	False
Tunica4_0,5x_exp070222_run010322_08	Tunica4	Tunica	0,5x	exp070222	run010322	4	Tunica_0,5x	False	False
Thapsi1_008n_exp070222_run010322_09	Thapsi1	Thapsi	008n	exp070222	run010322	1	Thapsi_008n	False	False
Thapsi2_008n_exp070222_run010322_10	Thapsi2	Thapsi	008n	exp070222	run010322	2	Thapsi_008n	False	False
Thapsi3_008n_exp070222_run010322_11	Thapsi3	Thapsi	008n	exp070222	run010322	3	Thapsi_008n	False	False
Thapsi4_008n_exp070222_run010322_12	Thapsi4	Thapsi	008n	exp070222	run010322	4	Thapsi_008n	False	False
Erasti1_015u_exp070222_run010322_13	Erasti1	Erasti	015u	exp070222	run010322	1	Erasti_015u	False	False
Erasti2_015u_exp070222_run010322_14	Erasti2	Erasti	015u	exp070222	run010322	2	Erasti_015u	False	False
Erasti3_015u_exp070222_run010322_15	Erasti3	Erasti	015u	exp070222	run010322	3	Erasti_015u	False	False
Erasti4_015u_exp070222_run010322_16	Erasti4	Erasti	015u	exp070222	run010322	4	Erasti_015u	False	False
Ferros1_060u_exp070222_run010322_17	Ferros1	Ferros	060u	exp070222	run010322	1	Ferros_060u	False	False
Ferros2_060u_exp070222_run010322_18	Ferros2	Ferros	060u	exp070222	run010322	2	Ferros_060u	False	False
Ferros3_060u_exp070222_run010322_19	Ferros3	Ferros	060u	exp070222	run010322	3	Ferros_060u	False	False
Ferros4_060u_exp070222_run010322_20	Ferros4	Ferros	060u	exp070222	run010322	4	Ferros_060u	False	False
Defero1_007u_exp070222_run010322_21	Defero1	Defero	007u	exp070222	run010322	1	Defero_007u	False	False
Defero2_007u_exp070222_run010322_22	Defero2	Defero	007u	exp070222	run010322	2	Defero_007u	False	False
Defero3_007u_exp070222_run010322_23	Defero3	Defero	007u	exp070222	run010322	3	Defero_007u	False	False
Defero4_007u_exp070222_run010322_24	Defero4	Defero	007u	exp070222	run010322	4	Defero_007u	False	False
ML210-1_030u_exp070222_run010322_25	ML210-1	ML210-	030u	exp070222	run010322	1	ML210-_030u	False	False
ML210-2_030u_exp070222_run010322_26	ML210-2	ML210-	030u	exp070222	run010322	2	ML210-_030u	False	False
ML210-3_030u_exp070222_run010322_27	ML210-3	ML210-	030u	exp070222	run010322	3	ML210-_030u	False	False
ML210-4_030u_exp070222_run010322_28	ML210-4	ML210-	030u	exp070222	run010322	4	ML210-_030u	False	False
IMR1-1_080u_exp070222_run010322_29	IMR1-1	IMR1-	080u	exp070222	run010322	1	IMR1-_080u	False	False
IMR1-2_080u_exp070222_run010322_30	IMR1-2	IMR1-	080u	exp070222	run010322	2	IMR1-_080u	False	False
IMR1-3_080u_exp070222_run010322_31	IMR1-3	IMR1-	080u	exp070222	run010322	3	IMR1-_080u	False	False
IMR1-4_080u_exp070222_run010322_32	IMR1-4	IMR1-	080u	exp070222	run010322	4	IMR1-_080u	False	False
Lazert1_001u_exp070222_run010322_33	Lazert1	Lazert	001u	exp070222	run010322	1	Lazert_001u	False	False
Lazert2_001u_exp070222_run010322_34	Lazert2	Lazert	001u	exp070222	run010322	2	Lazert_001u	False	False
Lazert3_001u_exp070222_run010322_35	Lazert3	Lazert	001u	exp070222	run010322	3	Lazert_001u	False	False
Lazert4_001u_exp070222_run010322_36	Lazert4	Lazert	001u	exp070222	run010322	4	Lazert_001u	False	False
Rocile1_001u_exp070222_run010322_37	Rocile1	Rocile	001u	exp070222	run010322	1	Rocile_001u	False	False
Rocile2_001u_exp070222_run010322_38	Rocile2	Rocile	001u	exp070222	run010322	2	Rocile_001u	False	False
Rocile3_001u_exp070222_run010322_39	Rocile3	Rocile	001u	exp070222	run010322	3	Rocile_001u	False	False
Rocile4_001u_exp070222_run010322_40	Rocile4	Rocile	001u	exp070222	run010322	4	Rocile_001u	False	False
Mavele1_001u_exp070222_run010322_41	Mavele1	Mavele	001u	exp070222	run010322	1	Mavele_001u	False	False
Mavele2_001u_exp070222_run010322_42	Mavele2	Mavele	001u	exp070222	run010322	2	Mavele_001u	False	False
Mavele3_001u_exp070222_run010322_43	Mavele3	Mavele	001u	exp070222	run010322	3	Mavele_001u	False	False
Mavele4_001u_exp070222_run010322_44	Mavele4	Mavele	001u	exp070222	run010322	4	Mavele_001u	False	False
Temps01_000u_exp070222_run010322_45	Temps01	Temps0	000u	exp070222	run010322	1	time0	False	True
Temps02_000u_exp070222_run010322_46	Temps02	Temps0	000u	exp070222	run010322	2	time0	False	True
Vemura1_007u_exp070222_run060522_01	Vemura1	Vemura	007u	exp070222	run060522	1	Vemura_007u	False	False
Vemura2_007u_exp070222_run060522_02	Vemura2	Vemura	007u	exp070222	run060522	2	Vemura_007u	False	False
Vemura3_007u_exp070222_run060522_03	Vemura3	Vemura	007u	exp070222	run060522	3	Vemura_007u	False	False
Vemura4_007u_exp070222_run060522_04	Vemura4	Vemura	007u	exp070222	run060522	4	Vemura_007u	False	False
5Fluor1_006u_exp070222_run060522_05	5Fluor1	5Fluor	006u	exp070222	run060522	1	5Fluor_006u	False	False
5Fluor2_006u_exp070222_run060522_06	5Fluor2	5Fluor	006u	exp070222	run060522	2	5Fluor_006u	False	False
5Fluor3_006u_exp070222_run060522_07	5Fluor3	5Fluor	006u	exp070222	run060522	3	5Fluor_006u	False	False
5Fluor4_006u_exp070222_run060522_08	5Fluor4	5Fluor	006u	exp070222	run060522	4	5Fluor_006u	False	False
Oxalip1_005u_exp070222_run060522_09	Oxalip1	Oxalip	005u	exp070222	run060522	1	Oxalip_005u	False	False
Oxalip2_005u_exp070222_run060522_10	Oxalip2	Oxalip	005u	exp070222	run060522	2	Oxalip_005u	False	False
Oxalip3_005u_exp070222_run060522_11	Oxalip3	Oxalip	005u	exp070222	run060522	3	Oxalip_005u	False	False
Oxalip4_005u_exp070222_run060522_12	Oxalip4	Oxalip	005u	exp070222	run060522	4	Oxalip_005u	False	False
Carbop1_007u_exp070222_run060522_13	Carbop1	Carbop	007u	exp070222	run060522	1	Carbop_007u	False	False
Carbop2_007u_exp070222_run060522_14	Carbop2	Carbop	007u	exp070222	run060522	2	Carbop_007u	False	False
Carbop3_007u_exp070222_run060522_15	Carbop3	Carbop	007u	exp070222	run060522	3	Carbop_007u	False	False
Carbop4_007u_exp070222_run060522_16	Carbop4	Carbop	007u	exp070222	run060522	4	Carbop_007u	False	False
Nigeri1_100n_exp070222_run060522_17	Nigeri1	Nigeri	100n	exp070222	run060522	1	Nigeri_100n	False	False
Nigeri2_100n_exp070222_run060522_18	Nigeri2	Nigeri	100n	exp070222	run060522	2	Nigeri_100n	False	False
Nigeri3_100n_exp070222_run060522_19	Nigeri3	Nigeri	100n	exp070222	run060522	3	Nigeri_100n	False	False
Nigeri4_100n_exp070222_run060522_20	Nigeri4	Nigeri	100n	exp070222	run060522	4	Nigeri_100n	False	False
Y276321_300u_exp070222_run060522_21	Y276321	Y27632	300u	exp070222	run060522	1	Y27632_300u	False	False
Y276322_300u_exp070222_run060522_22	Y276322	Y27632	300u	exp070222	run060522	2	Y27632_300u	False	False
Y276323_300u_exp070222_run060522_23	Y276323	Y27632	300u	exp070222	run060522	3	Y27632_300u	False	False
Y276324_300u_exp070222_run060522_24	Y276324	Y27632	300u	exp070222	run060522	4	Y27632_300u	False	False
Contro1_000u_exp220322_run060522_25	Contro1	Contro	000u	exp220322	run060522	1	control	True	False
Contro2_000u_exp220322_run060522_26	Contro2	Contro	000u	exp220322	run060522	2	control	True	False
Contro3_000u_exp220322_run060522_27	Contro3	Contro	000u	exp220322	run060522	3	control	True	False
Contro4_000u_exp220322_run060522_28	Contro4	Contro	000u	exp220322	run060522	4	control	True	False
Pralat1_003n_exp220322_run060522_29	Pralat1	Pralat	003n	exp220322	run060522	1	Pralat_003n	False	False
Pralat2_003n_exp220322_run060522_30	Pralat2	Pralat	003n	exp220322	run060522	2	Pralat_003n	False	False
Pralat3_003n_exp220322_run060522_31	Pralat3	Pralat	003n	exp220322	run060522	3	Pralat_003n	False	False
Pralat4_003n_exp220322_run060522_32	Pralat4	Pralat	003n	exp220322	run060522	4	Pralat_003n	False	False
Methot1_040n_exp220322_run060522_33	Methot1	Methot	040n	exp220322	run060522	1	Methot_040n	False	False
Methot2_040n_exp220322_run060522_34	Methot2	Methot	040n	exp220322	run060522	2	Methot_040n	False	False
Methot3_040n_exp220322_run060522_35	Methot3	Methot	040n	exp220322	run060522	3	Methot_040n	False	False
Methot4_040n_exp220322_run060522_36	Methot4	Methot	040n	exp220322	run060522	4	Methot_040n	False	False
Paclit1_005n_exp220322_run060522_37	Paclit1	Paclit	005n	exp220322	run060522	1	Paclit_005n	False	False
Paclit2_005n_exp220322_run060522_38	Paclit2	Paclit	005n	exp220322	run060522	2	Paclit_005n	False	False
Paclit3_005n_exp220322_run060522_39	Paclit3	Paclit	005n	exp220322	run060522	3	Paclit_005n	False	False
Paclit4_005n_exp220322_run060522_40	Paclit4	Paclit	005n	exp220322	run060522	4	Paclit_005n	False	False
L755501_025u_exp220322_run060522_41	L755501	L75550	025u	exp220322	run060522	1	L75550_025u	False	False
L755502_025u_exp220322_run060522_42	L755502	L75550	025u	exp220322	run060522	2	L75550_025u	False	False
L755503_025u_exp220322_run060522_43	L755503	L75550	025u	exp220322	run060522	3	L75550_025u	False	False
L755504_025u_exp220322_run060522_44	L755504	L75550	025u	exp220322	run060522	4	L75550_025u	False	False
XAV9391_080u_exp220322_run060522_45	XAV9391	XAV939	080u	exp220322	run060522	1	XAV939_080u	False	False
XAV9392_080u_exp220322_run060522_46	XAV9392	XAV939	080u	exp220322	run060522	2	XAV939_080u	False	False
XAV9393_080u_exp220322_run060522_47	XAV9393	XAV939	080u	exp220322	run060522	3	XAV939_080u	False	False
XAV9394_080u_exp220322_run060522_48	XAV9394	XAV939	080u	exp220322	run060522	4	XAV939_080u	False	False
Aliser1_050n_exp220322_run200522_01	Aliser1	Aliser	050n	exp220322	run200522	1	Aliser_050n	False	False
Aliser2_050n_exp220322_run200522_02	Aliser2	Aliser	050n	exp220322	run200522	2	Aliser_050n	False	False
Aliser3_050n_exp220322_run200522_03	Aliser3	Aliser	050n	exp220322	run200522	3	Aliser_050n	False	False
Aliser4_050n_exp220322_run200522_04	Aliser4	Aliser	050n	exp220322	run200522	4	Aliser_050n	False	False
Saraca1_500n_exp220322_run200522_05	Saraca1	Saraca	500n	exp220322	run200522	1	Saraca_500n	False	False
Saraca2_500n_exp220322_run200522_06	Saraca2	Saraca	500n	exp220322	run200522	2	Saraca_500n	False	False
Saraca3_500n_exp220322_run200522_07	Saraca3	Saraca	500n	exp220322	run200522	3	Saraca_500n	False	False
Saraca4_500n_exp220322_run200522_08	Saraca4	Saraca	500n	exp220322	run200522	4	Saraca_500n	False	False
THZ11_090n_exp220322_run200522_09	THZ11	THZ1	090n	exp220322	run200522	1	THZ1_090n	False	False
THZ12_090n_exp220322_run200522_10	THZ12	THZ1	090n	exp220322	run200522	2	THZ1_090n	False	False
THZ13_090n_exp220322_run200522_11	THZ13	THZ1	090n	exp220322	run200522	3	THZ1_090n	False	False
THZ14_090n_exp220322_run200522_12	THZ14	THZ1	090n	exp220322	run200522	4	THZ1_090n	False	False
BMS5361_002u_exp220322_run200522_13	BMS5361	BMS536	002u	exp220322	run200522	1	BMS536_002u	False	False
BMS5362_002u_exp220322_run200522_14	BMS5362	BMS536	002u	exp220322	run200522	2	BMS536_002u	False	False
BMS5363_002u_exp220322_run200522_15	BMS5363	BMS536	002u	exp220322	run200522	3	BMS536_002u	False	False
BMS5364_002u_exp220322_run200522_16	BMS5364	BMS536	002u	exp220322	run200522	4	BMS536_002u	False	False
JSH231_060u_exp220322_run200522_17	JSH231	JSH23	060u	exp220322	run200522	1	JSH23_060u	False	False
JSH232_060u_exp220322_run200522_18	JSH232	JSH23	060u	exp220322	run200522	2	JSH23_060u	False	False
JSH233_060u_exp220322_run200522_19	JSH233	JSH23	060u	exp220322	run200522	3	JSH23_060u	False	False
JSH234_060u_exp220322_run200522_20	JSH234	JSH23	060u	exp220322	run200522	4	JSH23_060u	False	False
AZD8181_050u_exp220322_run200522_21	AZD8181	AZD818	050u	exp220322	run200522	1	AZD818_050u	False	False
AZD8182_050u_exp220322_run200522_22	AZD8182	AZD818	050u	exp220322	run200522	2	AZD818_050u	False	False
AZD8183_050u_exp220322_run200522_23	AZD8183	AZD818	050u	exp220322	run200522	3	AZD818_050u	False	False
AZD8184_050u_exp220322_run200522_24	AZD8184	AZD818	050u	exp220322	run200522	4	AZD818_050u	False	False
Temsir1_006u_exp220322_run200522_25	Temsir1	Temsir	006u	exp220322	run200522	1	Temsir_006u	False	False
Temsir2_006u_exp220322_run200522_26	Temsir2	Temsir	006u	exp220322	run200522	2	Temsir_006u	False	False
Temsir3_006u_exp220322_run200522_27	Temsir3	Temsir	006u	exp220322	run200522	3	Temsir_006u	False	False
Temsir4_006u_exp220322_run200522_28	Temsir4	Temsir	006u	exp220322	run200522	4	Temsir_006u	False	False
CCT0201_003u_exp220322_run200522_29	CCT0201	CCT020	003u	exp220322	run200522	1	CCT020_003u	False	False
CCT0202_003u_exp220322_run200522_30	CCT0202	CCT020	003u	exp220322	run200522	2	CCT020_003u	False	False
CCT0203_003u_exp220322_run200522_31	CCT0203	CCT020	003u	exp220322	run200522	3	CCT020_003u	False	False
CCT0204_003u_exp220322_run200522_32	CCT0204	CCT020	003u	exp220322	run200522	4	CCT020_003u	False	False
Levofl1_250u_exp220322_run200522_33	Levofl1	Levofl	250u	exp220322	run200522	1	Levofl_250u	False	False
Levofl2_250u_exp220322_run200522_34	Levofl2	Levofl	250u	exp220322	run200522	2	Levofl_250u	False	False
Levofl3_250u_exp220322_run200522_35	Levofl3	Levofl	250u	exp220322	run200522	3	Levofl_250u	False	False
Levofl4_250u_exp220322_run200522_36	Levofl4	Levofl	250u	exp220322	run200522	4	Levofl_250u	False	False
Proben1_500u_exp220322_run200522_37	Proben1	Proben	500u	exp220322	run200522	1	Proben_500u	False	False
Proben2_500u_exp220322_run200522_38	Proben2	Proben	500u	exp220322	run200522	2	Proben_500u	False	False
Proben3_500u_exp220322_run200522_39	Proben3	Proben	500u	exp220322	run200522	3	Proben_500u	False	False
Proben4_500u_exp220322_run200522_40	Proben4	Proben	500u	exp220322	run200522	4	Proben_500u	False	False
Mefloq1_010u_exp220322_run200522_41	Mefloq1	Mefloq	010u	exp220322	run200522	1	Mefloq_010u	False	False
Mefloq2_010u_exp220322_run200522_42	Mefloq2	Mefloq	010u	exp220322	run200522	2	Mefloq_010u	False	False
Mefloq3_010u_exp220322_run200522_43	Mefloq3	Mefloq	010u	exp220322	run200522	3	Mefloq_010u	False	False
Mefloq4_010u_exp220322_run200522_44	Mefloq4	Mefloq	010u	exp220322	run200522	4	Mefloq_010u	False	False
Temps01_000u_exp220322_run200522_45	Temps01	Temps0	000u	exp220322	run200522	1	time0	False	True
Temps02_000u_exp220322_run200522_46	Temps02	Temps0	000u	exp220322	run200522	2	time0	False	True
